user_id,full_name,email,password,gender,bio,strengths,weaknesses,Date of Birth,age,Occupation,Highest Education,Learning Style,Teaching Style
1,Pooja Rajan,pooja.rajan@gmail.com,$2b$12$Q/wQbwyXTyKrFTUUuBTlmujq.QMEGLaf85rh9zkkH0A2rsfW7BGOK,Female,Expert in Data Engineering with strong skills in Python.,"R, Big Data, NLP","Documentation, Decision Making",2003-11-18,21,Lawyer,Master's Degree,Reading/Writing,Demonstrator
2,Ankit Malhotra,ankit.malhotra@gmail.com,$2b$12$J/1j8FBmByNeawXKW7hf..WaFdxhkJsDnj0bbjl8i7RCaRUNApwQi,Male,Expert in Mathematics with strong skills in TensorFlow.,"Big Data, TensorFlow, Business Intelligence","Public Speaking, Presentation Skills",1969-01-18,56,Student,Associate Degree,Auditory,Demonstrator
3,Neeraj Patel,neeraj.patel@gmail.com,$2b$12$sKzp3KaxT3L3TWN.BbHbWeDWLqfIu9Ccte6f1vDnc44WTc8tDAcJm,Male,Expert in Statistics with strong skills in NLP.,"Mathematical Modeling, TensorFlow, Python","Conflict Resolution, Leadership",2000-09-27,24,Engineer,Certificate Program,Logical,Authoritative
4,Leena Desai,leena.desai@gmail.com,$2b$12$iKmPFEIeIcxajmhIF69ZDOASpEdph1PUV9kSGO1kjwkFu6d5UKvim,Female,Expert in Statistics with strong skills in Mathematical Modeling.,"Spark, Linear Algebra, Cloud Computing","Speed Optimization, Public Speaking",1957-07-03,67,Writer,Certificate Program,Reading/Writing,Demonstrator
5,Ananya Rao,ananya.rao@gmail.com,$2b$12$WkmMKXAqr3Uz/5SHFPngc.yat7XbGVRDUdnKLSi9L3M69fgFOTLXW,Female,Expert in Artificial Intelligence with strong skills in Linear Algebra.,"Business Intelligence, Spark, R","Report Writing, Decision Making",1971-09-30,53,Researcher,Bachelor's Degree,Visual,Demonstrator
6,Aarav Bose,aarav.bose@gmail.com,$2b$12$tDySq0KERbjvLWOs7UNYduTrhXBHL4D2QFqLd1BLBSgyoBfiN1FHC,Male,Expert in Big Data with strong skills in Probability.,"Machine Learning, Statistics, Deep Learning","Debugging, Documentation",1985-11-18,39,Software Developer,Master's Degree,Auditory,Interactive
7,Aditya Thakur,aditya.thakur@gmail.com,$2b$12$jDOGOoMMaSxxs6P3X0ta4ui0qTyLROAgaOsOaPtay33//QvOKezEO,Male,Expert in Statistics with strong skills in Data Wrangling.,"Mathematical Modeling, Data Wrangling, R","Client Communication, Public Speaking",1973-03-21,51,Scientist,High School,Reading/Writing,Facilitator
8,Arjun Rao,arjun.rao@gmail.com,$2b$12$NZwdxIwNDYimb/nA286YW.fQp7yQZlQLsGuGYAs8JxNKHcnI9/g/q,Male,Expert in Big Data with strong skills in Mathematical Modeling.,"Business Intelligence, Probability, R","Client Communication, Leadership",1958-09-23,66,Student,Bachelor's Degree,Auditory,Delegator
9,Harsh Joshi,harsh.joshi@gmail.com,$2b$12$f/7ZIxxdzUjN0LQvnDk/he6WKaXLuWYGQodK6gi6KSRJnSlP7DRzm,Male,Expert in Artificial Intelligence with strong skills in TensorFlow.,"Statistics, NLP, Probability","Debugging, Leadership",1990-05-25,34,Writer,Diploma,Logical,Authoritative
10,Swati Malhotra,swati.malhotra@gmail.com,$2b$12$CRewdDEAgdgWkhqCio94DOO5RCYNs7JDldQlqSwkK3JaElfe0SwJG,Female,Expert in Artificial Intelligence with strong skills in Statistics.,"Big Data, TensorFlow, R","Report Writing, Debugging",1962-08-31,62,Dentist,High School,Reading/Writing,Demonstrator
11,Radhika Rao,radhika.rao@gmail.com,$2b$12$Pv/5ZetDla1zBsR3oggQHuCV7lOxQ86O68WVitwZ1ii3AXFeKUegm,Female,Expert in Statistics with strong skills in Spark.,"Cloud Computing, Spark, Big Data","Debugging, Documentation",1951-08-19,73,Dentist,High School,Logical,Facilitator
12,Neeraj Rao,neeraj.rao@gmail.com,$2b$12$BWNw1OLYaMI3aS0D7xASwuqXNdCZ.iJlKKFajBOaVQuBV263D3pGa,Male,Expert in Business Analytics with strong skills in NLP.,"NLP, Cloud Computing, Probability","Time Management, Leadership",2000-06-01,24,Psychologist,Diploma,Reading/Writing,Facilitator
13,Simran Malhotra,simran.malhotra@gmail.com,$2b$12$9aBzG/kg6Kqobqst2v04I.gQdZm1XLt9xo5AacaqTTXOoNsc8QJcy,Female,Expert in Data Engineering with strong skills in Business Intelligence.,"Machine Learning, NLP, Data Wrangling","Client Communication, Leadership",1962-04-13,62,Chef,Certificate Program,Auditory,Authoritative
14,Harsh Bhatia,harsh.bhatia@gmail.com,$2b$12$rsqX/UKrCM5juzXSsi84p.h55WtEL2lGAUK0fY479ZIw2yxJGLVjq,Male,Expert in Business Analytics with strong skills in Mathematical Modeling.,"Machine Learning, Linear Algebra, Deep Learning","Speed Optimization, Debugging",1990-01-15,35,Psychologist,Associate Degree,Visual,Demonstrator
15,Omkar Desai,omkar.desai@gmail.com,$2b$12$6f2SqtQrgZNTia24sXjd1eQ9dDCPPO7j6vLZw9Ll.6dMMEj/Hfm1u,Male,Expert in Machine Learning with strong skills in Data Wrangling.,"R, Business Intelligence, Linear Algebra","Presentation Skills, Speed Optimization",1994-12-08,30,Chef,Bachelor's Degree,Kinesthetic,Delegator
16,Riya Rajan,riya.rajan@gmail.com,$2b$12$NETPZzHFJLDGvqKadTWdWuRNG.CWljO4A5oNRqGgwOVqTjUbvkSQO,Female,Expert in Statistics with strong skills in Data Wrangling.,"NLP, Python, Data Wrangling","Public Speaking, Documentation",1980-10-03,44,Software Developer,Diploma,Kinesthetic,Interactive
17,Aditya Joshi,aditya.joshi@gmail.com,$2b$12$5nYxp6fW4JA0WVlcI6HLaOJ.OxA65NHO6cNmCQL6vJ9zvAV1MJWMe,Male,Expert in Artificial Intelligence with strong skills in Probability.,"R, Statistics, Cloud Computing","Leadership, Documentation",2000-06-01,24,Psychologist,Diploma,Logical,Interactive
18,Aditya Pillai,aditya.pillai@gmail.com,$2b$12$5oen5MbFn7r0M.LjdaD0YO3cl0AbGQS87eecwaog6h3tsi3nVe.ZO,Male,Expert in Mathematics with strong skills in ETL Pipelines.,"Deep Learning, Statistics, Cloud Computing","Report Writing, Work-life balance",1986-11-30,38,Software Developer,Associate Degree,Kinesthetic,Delegator
19,Neha Menon,neha.menon@gmail.com,$2b$12$4OGlYSw9IgNoKbMvum79E.9ZmOH9aMttPU.2PlDQMMcNJbUBZ9Lp.,Female,Expert in Machine Learning with strong skills in Statistics.,"Cloud Computing, Machine Learning, NLP","Decision Making, Documentation",1961-11-01,63,Lawyer,Associate Degree,Kinesthetic,Interactive
20,Kritika Kapoor,kritika.kapoor@gmail.com,$2b$12$0tlKbgHwRiPeEI6yVne5uezmgJ6UZsiNfv7u8UVY0A7iU03XY8Oiu,Female,Expert in Statistics with strong skills in Linear Algebra.,"Deep Learning, Data Visualization, Machine Learning","Report Writing, Multitasking",1999-09-14,25,Chef,Master's Degree,Reading/Writing,Delegator
21,Ishita Bhatia,ishita.bhatia@gmail.com,$2b$12$m.kRFoYE7XD5FlFeUS4uJeRXXegBgd0IWYQu5Rdip6HIsuWzyHFPC,Female,Expert in Mathematics with strong skills in Python.,"Machine Learning, Probability, R","Report Writing, Public Speaking",1970-08-11,54,Chef,Associate Degree,Auditory,Authoritative
22,Leena Saxena,leena.saxena@gmail.com,$2b$12$KlX4KI6Y6C1QpDdYo0oQceq.y.65U1iycg49KXWVApHT3CAVFTqjC,Female,Expert in Statistics with strong skills in Mathematical Modeling.,"Probability, ETL Pipelines, NLP","Work-life balance, Time Management",1963-03-12,61,Lawyer,PhD,Auditory,Interactive
23,Vishal Mehta,vishal.mehta@gmail.com,$2b$12$ehCYrr4t8jyFluoqDIItDuozYMyQtecQwXS1PKheKB0gOXDI1zSvu,Male,Expert in Big Data with strong skills in SQL.,"Data Wrangling, Linear Algebra, Business Intelligence","Speed Optimization, Report Writing",1993-01-27,32,Psychologist,PhD,Kinesthetic,Authoritative
24,Divya Verma,divya.verma@gmail.com,$2b$12$Zmcb3orCUiubns92e2mqnOwFt1wye69EKRhDrYWY2AV4slOu565/C,Female,Expert in Big Data with strong skills in Spark.,"Mathematical Modeling, Statistics, R","Work-life balance, Report Writing",1955-09-04,69,Doctor,Bachelor's Degree,Auditory,Authoritative
25,Arjun Patel,arjun.patel@gmail.com,$2b$12$YN6g7ib/aF1erMQ7GiAS3u.LcTubOZA1rz6dP0OiPj6gyV/m.g5Zq,Male,Expert in Computer Science with strong skills in Data Visualization.,"ETL Pipelines, SQL, Big Data","Decision Making, Client Communication",1990-02-25,34,Artist,High School,Auditory,Demonstrator
26,Ishita Desai,ishita.desai@gmail.com,$2b$12$TEEy3BiHusZo3Knphp5YtuQekYDpsjh/FfgtXsB/ai5t16jB1C0Um,Female,Expert in Computer Science with strong skills in Data Visualization.,"TensorFlow, SQL, Big Data","Conflict Resolution, Time Management",1998-10-14,26,Dentist,Bachelor's Degree,Visual,Interactive
27,Harsh Rajan,harsh.rajan@gmail.com,$2b$12$w/KUu1Kmt/ShBvckvdpUF.iSKNo.RL82GuY5uJSXqnCutafw7ddaS,Male,Expert in Data Engineering with strong skills in Spark.,"Python, Linear Algebra, Statistics","Documentation, Presentation Skills",1962-10-12,62,Psychologist,Certificate Program,Reading/Writing,Delegator
28,Yash Kaur,yash.kaur@gmail.com,$2b$12$x2smIhY6jEVtr3JC1L7Uwe.kTiFt7k90/qtVnaw8/GBiM/faerx3W,Male,Expert in Big Data with strong skills in Linear Algebra.,"Data Visualization, Linear Algebra, TensorFlow","Work-life balance, Conflict Resolution",1953-11-17,71,Chef,Certificate Program,Logical,Interactive
29,Tanya Gupta,tanya.gupta@gmail.com,$2b$12$5aJOphcuXqvVEgzLZIRISe0uj1/W6YVzCSm05DGeDAXoes37/Diba,Female,Expert in Computer Science with strong skills in Machine Learning.,"SQL, Linear Algebra, Spark","Public Speaking, Speed Optimization",1973-04-22,51,Doctor,Master's Degree,Visual,Interactive
30,Ananya Bose,ananya.bose@gmail.com,$2b$12$wUKk3l5dq5mKMeUUuslkBexWQP.6Fee6S.KtwntO5wb4sAjb4lWsm,Female,Expert in Computer Science with strong skills in Statistics.,"Data Visualization, TensorFlow, Business Intelligence","Conflict Resolution, Time Management",1970-08-30,54,Nurse,Certificate Program,Logical,Demonstrator
31,Ananya Desai,ananya.desai@gmail.com,$2b$12$xMo.aNZMIJEOS2INzru6zeg2G3zXkUdRjnk35Z9WbqZpvfJKsnioC,Female,Expert in Data Science with strong skills in Statistics.,"ETL Pipelines, SQL, Business Intelligence","Documentation, Conflict Resolution",1975-08-24,49,Artist,High School,Logical,Facilitator
32,Simran Bose,simran.bose@gmail.com,$2b$12$KNMmjePLzNgukMrw.MJWm.l/KCodVV0GE6g/uaKAgLP8IuBFjFXUq,Female,Expert in Artificial Intelligence with strong skills in Cloud Computing.,"Deep Learning, Big Data, Probability","Time Management, Client Communication",1978-07-16,46,Nurse,Diploma,Reading/Writing,Demonstrator
33,Rishi Menon,rishi.menon@gmail.com,$2b$12$a9b43IjYpDDL0S/N9OSDbeQ5ULkGyVQiLAh/Lxc3Er.iS/aTPLLou,Male,Expert in Data Engineering with strong skills in Probability.,"Deep Learning, R, Big Data","Conflict Resolution, Work-life balance",1974-03-17,50,Chef,Associate Degree,Logical,Facilitator
34,Ananya Rajan,ananya.rajan@gmail.com,$2b$12$SZtj0lwFjWc5ZZ1O0aifdeGxJTnPegkzfHquRTbsWF9hTRD8DMxSK,Female,Expert in Artificial Intelligence with strong skills in NLP.,"NLP, Cloud Computing, Mathematical Modeling","Work-life balance, Client Communication",2003-03-25,21,Artist,Associate Degree,Auditory,Interactive
35,Rohan Agarwal,rohan.agarwal@gmail.com,$2b$12$TCJlHkbdla4qFni7bKHPWuxK6SUjAr9WNUJ5KxvjYK4FTDcN.3tnu,Male,Expert in Big Data with strong skills in Python.,"SQL, Machine Learning, ETL Pipelines","Report Writing, Documentation",1985-04-30,39,Student,Master's Degree,Visual,Delegator
36,Neeraj Nair,neeraj.nair@gmail.com,$2b$12$Lu4zIrC3egI2QfFORFdRXOI1WPVCHnjSb3.Ev8lz2k.8anwvSv.bS,Male,Expert in Business Analytics with strong skills in ETL Pipelines.,"Big Data, Data Wrangling, ETL Pipelines","Decision Making, Time Management",1986-11-29,38,Musician,PhD,Reading/Writing,Delegator
37,Sneha Patel,sneha.patel@gmail.com,$2b$12$/XG.91GFOI3IN1gz58SRWuImwxN3G5yw3peU6nqFQzHNZIUDrevp.,Female,Expert in Mathematics with strong skills in Business Intelligence.,"ETL Pipelines, Mathematical Modeling, Python","Documentation, Speed Optimization",2000-09-14,24,Dentist,Associate Degree,Kinesthetic,Authoritative
38,Divya Patel,divya.patel@gmail.com,$2b$12$9nFkf8atVyW2MAeeJJqB5uvH3ckw.fSKoCxdPNDcwasiSOmLfQuOq,Female,Expert in Machine Learning with strong skills in TensorFlow.,"Mathematical Modeling, Big Data, Data Wrangling","Work-life balance, Speed Optimization",1986-10-30,38,Doctor,Diploma,Reading/Writing,Authoritative
39,Rajesh Jain,rajesh.jain@gmail.com,$2b$12$iT/SOaVgfhVmBvfUwg3yxunEFsC.5/tusy5EedKdNuzusZTlKzYJ.,Male,Expert in Data Engineering with strong skills in Data Wrangling.,"NLP, Data Wrangling, Cloud Computing","Report Writing, Time Management",1956-06-21,68,Engineer,Diploma,Logical,Facilitator
40,Sneha Kapoor,sneha.kapoor@gmail.com,$2b$12$8m4oIKHEFxDaY3lGo1ASqe1hEyLnOzURzHmABpY3L9AWKXOgutmtC,Female,Expert in Data Engineering with strong skills in Probability.,"Deep Learning, Cloud Computing, Linear Algebra","Presentation Skills, Decision Making",1958-08-28,66,Researcher,Certificate Program,Logical,Facilitator
41,Rajesh Pillai,rajesh.pillai@gmail.com,$2b$12$WUEsMiuypcvpJlqHFOM8AePlQDm67e0fOkBAewGPcSN/cXtQ4pF9S,Male,Expert in Computer Science with strong skills in Probability.,"Linear Algebra, Python, Data Visualization","Report Writing, Time Management",1983-09-20,41,Chef,High School,Visual,Demonstrator
42,Shweta Rajan,shweta.rajan@gmail.com,$2b$12$cm0GHbjvNp9sIyOpjDUfa.cZ.81FwJpzxrqxmSzLdHnat74rRnVV.,Female,Expert in Big Data with strong skills in Big Data.,"Big Data, TensorFlow, Spark","Public Speaking, Report Writing",1999-04-29,25,Doctor,Certificate Program,Kinesthetic,Facilitator
43,Rishi Patel,rishi.patel@gmail.com,$2b$12$o.J0Kkeeb/sPPhzLWrMVIOX0hT1n0SRVlK8OjZZurOk4gaJjS.TiO,Male,Expert in Computer Science with strong skills in Machine Learning.,"Probability, R, Machine Learning","Client Communication, Documentation",1994-03-21,30,Artist,High School,Kinesthetic,Authoritative
44,Harsh Saxena,harsh.saxena@gmail.com,$2b$12$BNeZkQ2e08Z3/WLC9uIP7uNFGBihl33VXvG9f135TkcACJcXIC5/y,Male,Expert in Big Data with strong skills in Big Data.,"ETL Pipelines, Spark, Mathematical Modeling","Debugging, Speed Optimization",1968-01-16,57,Engineer,Bachelor's Degree,Kinesthetic,Delegator
45,Shweta Thakur,shweta.thakur@gmail.com,$2b$12$StHguNGw6pqCSJ1EQpgTeu30TwIqDHA7NSeENLW6LvcoDOcWRfYku,Female,Expert in Machine Learning with strong skills in Probability.,"Linear Algebra, Probability, Spark","Report Writing, Time Management",1959-09-17,65,Lawyer,High School,Visual,Authoritative
46,Rishi Patel,rishi.patel@gmail.com,$2b$12$Ug5AZuBZipVshxbRthswSOHgRHBe3qgPdVal/qjVwbj/if8y//KXy,Male,Expert in Big Data with strong skills in Mathematical Modeling.,"Cloud Computing, Machine Learning, ETL Pipelines","Public Speaking, Multitasking",1967-12-12,57,Student,Master's Degree,Logical,Facilitator
47,Omkar Agarwal,omkar.agarwal@gmail.com,$2b$12$1gAjrc/bnRjk9g0Ig2NFd.Awewyvu8Egcg/zj6.doIxFApnb5Irwy,Male,Expert in Mathematics with strong skills in Data Wrangling.,"Deep Learning, Big Data, Machine Learning","Client Communication, Public Speaking",1967-04-30,57,Student,Master's Degree,Visual,Interactive
48,Yash Rao,yash.rao@gmail.com,$2b$12$3ETO2tP6obh7xCw0gy2y5OdXCfYmSG3m3TFrPGNC8p18/I4PX.Pri,Male,Expert in Machine Learning with strong skills in R.,"Mathematical Modeling, Spark, SQL","Client Communication, Leadership",1994-03-24,30,Musician,PhD,Logical,Facilitator
49,Rajesh Kapoor,rajesh.kapoor@gmail.com,$2b$12$BGWV8gRpWnUzdiLEKaSlX.1HSp9s79G4Nhrlb01xZgi3/F6btACCa,Male,Expert in Data Engineering with strong skills in Data Visualization.,"Probability, Mathematical Modeling, Cloud Computing","Documentation, Time Management",1952-11-30,72,Student,Master's Degree,Logical,Interactive
50,Sneha Kaur,sneha.kaur@gmail.com,$2b$12$NWKbVfHx5l2iJmzlgURyQezqnK/AAIofD5Qsu2akQ976Jdum7VjRu,Female,Expert in Statistics with strong skills in Business Intelligence.,"Probability, Data Wrangling, Mathematical Modeling","Multitasking, Speed Optimization",1998-03-12,26,Doctor,Associate Degree,Kinesthetic,Demonstrator
51,Ishita Khanna,ishita.khanna@gmail.com,$2b$12$egCw5bmUc4GjvFrs3fxC0efNEGtapHUexXx.yfUdK2nT9T/Mt/Vpy,Female,Expert in Computer Science with strong skills in SQL.,"Mathematical Modeling, ETL Pipelines, Machine Learning","Speed Optimization, Multitasking",1978-08-24,46,Scientist,Diploma,Reading/Writing,Delegator
52,Harsh Mehta,harsh.mehta@gmail.com,$2b$12$mfjcippDtLXWU6CpATvSfOx/IUIYzlG/PNcPbkgwDFSoYeXugblRG,Male,Expert in Computer Science with strong skills in ETL Pipelines.,"Cloud Computing, Business Intelligence, Data Wrangling","Decision Making, Documentation",1994-05-18,30,Musician,PhD,Visual,Facilitator
53,Manav Kulkarni,manav.kulkarni@gmail.com,$2b$12$3CsCwq8VNqEaZE0IK0DNPe9RNzv3RFIwuypJMf2IKBC87M7Hu/IEq,Male,Expert in Machine Learning with strong skills in Spark.,"Probability, NLP, Spark","Leadership, Public Speaking",1974-11-16,50,Artist,Associate Degree,Reading/Writing,Demonstrator
54,Sandeep Bose,sandeep.bose@gmail.com,$2b$12$pJOJrc5ZJ5jmVxjn6MR5D.a0w/OHsbfhyx4F9n5Vh5y3Qpbc5RMsK,Male,Expert in Statistics with strong skills in Spark.,"Business Intelligence, Probability, R","Time Management, Public Speaking",1971-07-27,53,Chef,Associate Degree,Auditory,Demonstrator
55,Aman Mehta,aman.mehta@gmail.com,$2b$12$1AjvK0muzeXqQD5CygrxieB5foocGVYzjPOqpC6zOr2hAavVxiUqu,Male,Expert in Artificial Intelligence with strong skills in Cloud Computing.,"Probability, Spark, SQL","Time Management, Presentation Skills",1960-02-15,65,Writer,High School,Reading/Writing,Interactive
56,Varun Nair,varun.nair@gmail.com,$2b$12$SyT2T8ory0.QaM93uL1M2uMcndONHjXc0/oEh9AlrxA4Dd9TzdnT2,Male,Expert in Data Science with strong skills in ETL Pipelines.,"Mathematical Modeling, SQL, Statistics","Decision Making, Leadership",1960-07-18,64,Nurse,Certificate Program,Reading/Writing,Authoritative
57,Dev Nair,dev.nair@gmail.com,$2b$12$9Mxm03E/XRf3L6wW/ezoZu2xQnW7BvFfWpNUYLTonqymqAijUzDQu,Male,Expert in Statistics with strong skills in Python.,"Python, Spark, Linear Algebra","Decision Making, Conflict Resolution",1967-07-21,57,Writer,Diploma,Auditory,Interactive
58,Riya Rao,riya.rao@gmail.com,$2b$12$2BhlyBWdafiWNpeoFcP5.OS3sdRctS.ZaYGsOJHWstPTnUEPeHNHO,Female,Expert in Data Science with strong skills in Business Intelligence.,"NLP, Probability, R","Decision Making, Work-life balance",1979-05-27,45,Musician,Diploma,Reading/Writing,Demonstrator
59,Omkar Bose,omkar.bose@gmail.com,$2b$12$uRf6m4Ex7.oS6nxpEUvBUOG63bx0/aZxe9q2OvyKcbLtr0GzWo3Z2,Male,Expert in Machine Learning with strong skills in Cloud Computing.,"Cloud Computing, NLP, Big Data","Report Writing, Decision Making",1973-11-16,51,Doctor,Bachelor's Degree,Auditory,Demonstrator
60,Meenal Bhatia,meenal.bhatia@gmail.com,$2b$12$mXNSsdGTBCzCnkAlC4yjuOJdEn9jnapp5rMwJ00RMzc7DOwHU2lha,Female,Expert in Machine Learning with strong skills in NLP.,"Python, TensorFlow, Business Intelligence","Documentation, Conflict Resolution",1981-05-04,43,Musician,PhD,Auditory,Demonstrator
61,Kavya Mehta,kavya.mehta@gmail.com,$2b$12$DfWVz6o2sjHgduqLJKsP2eRIP91YM2M1cVuBNqau/06FadhQNaxDa,Female,Expert in Big Data with strong skills in Probability.,"NLP, Probability, TensorFlow","Conflict Resolution, Documentation",1990-09-20,34,Dentist,Associate Degree,Auditory,Delegator
62,Tanya Gupta,tanya.gupta@gmail.com,$2b$12$t.KDX2WFwYzbocgg4sgfxeZEQHXZWLu6J1ao1gUi16Du7hjfGpiBO,Female,Expert in Big Data with strong skills in Spark.,"Big Data, Spark, R","Leadership, Report Writing",2002-06-14,22,Psychologist,Associate Degree,Logical,Facilitator
63,Rajesh Gupta,rajesh.gupta@gmail.com,$2b$12$EV1b89COgzH6EoOqrW484.lS3ANq7qunwNCZOmqW3Fvho7j8.yqgG,Male,Expert in Artificial Intelligence with strong skills in SQL.,"Machine Learning, Linear Algebra, Mathematical Modeling","Client Communication, Public Speaking",2002-01-11,23,Musician,Certificate Program,Visual,Facilitator
64,Shweta Bose,shweta.bose@gmail.com,$2b$12$uyNYqrjscilFvTskQC/cZ.MLV1ONgADSNaB/CxAXfNhm/rT.qvDr.,Female,Expert in Computer Science with strong skills in Mathematical Modeling.,"NLP, ETL Pipelines, Business Intelligence","Conflict Resolution, Report Writing",1988-10-07,36,Researcher,Associate Degree,Kinesthetic,Interactive
65,Tanya Pillai,tanya.pillai@gmail.com,$2b$12$pGfBqS8oRt.DmGcnT7K8R.CuNpcu0d/ke68iDlgDOND.0pKSAgsaW,Female,Expert in Mathematics with strong skills in Machine Learning.,"Linear Algebra, Probability, Data Visualization","Decision Making, Presentation Skills",1960-08-12,64,Dentist,Bachelor's Degree,Reading/Writing,Delegator
66,Pooja Sharma,pooja.sharma@gmail.com,$2b$12$0AXPD08vSQ.t/.KqmaEHU.8yw8lYG6IHvQyYTkMBJy9cw3mJMhNbG,Female,Expert in Artificial Intelligence with strong skills in Statistics.,"R, Business Intelligence, Python","Speed Optimization, Report Writing",1953-11-04,71,Software Developer,Associate Degree,Logical,Delegator
67,Swati Jain,swati.jain@gmail.com,$2b$12$7M7Uwx0iVjmKPd9GoS1i.OGeVdN6X/7MCTmi.4oxlS1i2JlwiHqXW,Female,Expert in Computer Science with strong skills in NLP.,"Machine Learning, Statistics, Cloud Computing","Multitasking, Debugging",1996-11-13,28,Student,High School,Kinesthetic,Facilitator
68,Kavya Menon,kavya.menon@gmail.com,$2b$12$dJD74LnmhNVcrecC6KguQu/6iZcZf6PSik4sbqTyg9FMKOg8JpA5y,Female,Expert in Business Analytics with strong skills in ETL Pipelines.,"Statistics, SQL, TensorFlow","Presentation Skills, Work-life balance",1962-02-21,62,Engineer,Bachelor's Degree,Kinesthetic,Facilitator
69,Aditya Kulkarni,aditya.kulkarni@gmail.com,$2b$12$kJrf6G81Y9zSFMEZ1V7nYOfPFVEKoO843vCXMnhmsPOGNMchf61ri,Male,Expert in Computer Science with strong skills in Mathematical Modeling.,"Machine Learning, Python, Probability","Decision Making, Report Writing",1981-01-08,44,Nurse,Bachelor's Degree,Logical,Demonstrator
70,Radhika Thakur,radhika.thakur@gmail.com,$2b$12$ZapxSg5O2mn2lIGtJrsx4.wQcTg0OhMHxIO/KZSyrZ8or.9STiVPG,Female,Expert in Machine Learning with strong skills in Probability.,"Probability, Mathematical Modeling, Linear Algebra","Client Communication, Public Speaking",1957-11-05,67,Nurse,Master's Degree,Auditory,Interactive
71,Vishal Verma,vishal.verma@gmail.com,$2b$12$ZK7bgKkS67zklZRSe4DZ6OMzA4/oIcnzk1Yt9Xg3qBwnkffhymMzm,Male,Expert in Data Engineering with strong skills in Statistics.,"Python, R, Linear Algebra","Leadership, Client Communication",1962-09-29,62,Teacher,Bachelor's Degree,Visual,Delegator
72,Kritika Kapoor,kritika.kapoor@gmail.com,$2b$12$1QYjQTUm8FvWC1EFad157u1jVrNTtpZzwyPtQ3HhYFME/6Q/CqwYi,Female,Expert in Statistics with strong skills in Big Data.,"Probability, TensorFlow, Business Intelligence","Public Speaking, Debugging",1994-09-22,30,Engineer,High School,Visual,Demonstrator
73,Mohit Mehta,mohit.mehta@gmail.com,$2b$12$tRdq11U9Gh/xLSdDLoQkh.yITYA9RYK3nHRn5wwHlLRKLEIGX51IK,Male,Expert in Statistics with strong skills in R.,"Data Wrangling, R, ETL Pipelines","Debugging, Report Writing",1954-02-07,71,Lawyer,Bachelor's Degree,Visual,Demonstrator
74,Rishi Iyer,rishi.iyer@gmail.com,$2b$12$ZT.w/CBhwKoNE/zEa5OQd.UiQIQ5qbHIs7yDo.f8pMWwT/eUXL5sa,Male,Expert in Big Data with strong skills in TensorFlow.,"Machine Learning, Python, Linear Algebra","Presentation Skills, Work-life balance",1992-08-07,32,Artist,High School,Auditory,Authoritative
75,Leena Thakur,leena.thakur@gmail.com,$2b$12$YctldxnK5JKzE5cjPx3CNOBS2pVDnHXaD7qhzywQSNsnCaJwROpSa,Female,Expert in Computer Science with strong skills in Mathematical Modeling.,"SQL, R, Probability","Presentation Skills, Multitasking",1960-09-10,64,Software Developer,Certificate Program,Kinesthetic,Facilitator
76,Aditya Bose,aditya.bose@gmail.com,$2b$12$JJJ6HsybHbA9czHCTVOhaO481JOPO6./zPSRMzKwOevL0aE32f4NK,Male,Expert in Big Data with strong skills in ETL Pipelines.,"Big Data, R, Deep Learning","Public Speaking, Presentation Skills",1994-11-18,30,Doctor,Bachelor's Degree,Visual,Authoritative
77,Manav Desai,manav.desai@gmail.com,$2b$12$79fG2Ls.VRgxUY7lkPJLmOEi/bsAsI3PpQXgbdTlGAsRPLMezPnVG,Male,Expert in Data Engineering with strong skills in Deep Learning.,"R, Mathematical Modeling, Data Visualization","Client Communication, Documentation",1954-06-12,70,Artist,Master's Degree,Auditory,Delegator
78,Sneha Mehta,sneha.mehta@gmail.com,$2b$12$1PPB1NpjcjnFOEYmiOuweO8dCzXeFCBVTvYGh9gcRsHy2j.q9JHdG,Female,Expert in Artificial Intelligence with strong skills in Mathematical Modeling.,"Data Wrangling, Deep Learning, Python","Public Speaking, Work-life balance",1983-08-21,41,Writer,Bachelor's Degree,Visual,Authoritative
79,Nidhi Nair,nidhi.nair@gmail.com,$2b$12$aMzElXDmrhpXj8VcCZNw6uivZFiGLNbWy4Cw0q5WDRVO/G3e9dHEO,Female,Expert in Mathematics with strong skills in NLP.,"Linear Algebra, Statistics, SQL","Decision Making, Debugging",1964-04-17,60,Student,PhD,Auditory,Facilitator
80,Kritika Verma,kritika.verma@gmail.com,$2b$12$JxtPBlS6p5zbd7rKUbwxw.946Qh21pWs206ZkB94j3MDWsYIjkn/i,Female,Expert in Machine Learning with strong skills in Probability.,"Linear Algebra, Statistics, Spark","Presentation Skills, Time Management",1995-03-23,29,Scientist,Master's Degree,Reading/Writing,Facilitator
81,Sanket Rao,sanket.rao@gmail.com,$2b$12$SLJbJntE6IA6ImF7pAxPL.KdLIoD235lzpjCSh7EdfGyH3576DTFa,Male,Expert in Artificial Intelligence with strong skills in Machine Learning.,"Mathematical Modeling, R, ETL Pipelines","Conflict Resolution, Debugging",1953-01-07,72,Psychologist,Master's Degree,Kinesthetic,Demonstrator
82,Aarav Mehta,aarav.mehta@gmail.com,$2b$12$AKIIRi8yvFdBC1OmYO53POXy.582Tj6YCWmWW4d2adTwYcHHe09g.,Male,Expert in Statistics with strong skills in Probability.,"Python, Linear Algebra, Machine Learning","Public Speaking, Documentation",1958-09-02,66,Researcher,PhD,Reading/Writing,Interactive
83,Preeti Jain,preeti.jain@gmail.com,$2b$12$wl8YMMy3i9PhbncT5MRqCuanjwO6BmksEkmUItdFGLK5P.ctux/QK,Female,Expert in Statistics with strong skills in Business Intelligence.,"Business Intelligence, ETL Pipelines, Data Wrangling","Time Management, Work-life balance",1984-05-06,40,Architect,Master's Degree,Visual,Interactive
84,Neha Bhatia,neha.bhatia@gmail.com,$2b$12$AMEon/5cREYwDo04nBBILezgJjFtXAtITZqqlp7lMJ0nZrVG2AyUy,Female,Expert in Business Analytics with strong skills in NLP.,"Business Intelligence, Data Wrangling, SQL","Work-life balance, Multitasking",1969-06-17,55,Scientist,Diploma,Visual,Facilitator
85,Aditya Desai,aditya.desai@gmail.com,$2b$12$yBC51yTvZntnZvcpdTeevuCpkaNqDegdOESs5W/CcN468J4qBElLS,Male,Expert in Computer Science with strong skills in Mathematical Modeling.,"Probability, Statistics, SQL","Report Writing, Presentation Skills",1963-04-03,61,Dentist,Master's Degree,Kinesthetic,Delegator
86,Mohit Menon,mohit.menon@gmail.com,$2b$12$M4EhdB8FNSVS8XT8YAL6Ge7s7qfSoEP/hVy7pwsKLIBhkwP/aX7B2,Male,Expert in Big Data with strong skills in Linear Algebra.,"Spark, Machine Learning, TensorFlow","Multitasking, Speed Optimization",1951-09-13,73,Doctor,Certificate Program,Auditory,Interactive
87,Neha Thakur,neha.thakur@gmail.com,$2b$12$f8EdpuCk7EypL0e72rIwS.p9e.jZkkh/KdgqMSjetjjZMDYqwPrg2,Female,Expert in Business Analytics with strong skills in Mathematical Modeling.,"SQL, Spark, R","Debugging, Work-life balance",1977-07-19,47,Engineer,Bachelor's Degree,Visual,Facilitator
88,Harsh Menon,harsh.menon@gmail.com,$2b$12$PD6DARB5gNZaxdlYuT9A9u92wJMTJa.ISi5W.RObSqoO/nedgWIoy,Male,Expert in Machine Learning with strong skills in Deep Learning.,"Statistics, ETL Pipelines, Cloud Computing","Time Management, Documentation",1981-03-26,43,Artist,High School,Kinesthetic,Facilitator
89,Leena Pillai,leena.pillai@gmail.com,$2b$12$0lFZzmpSesHo/ysrj0b5hOrC4S4AO2C6YKQY7feWLkuW8wwnpjdtO,Female,Expert in Artificial Intelligence with strong skills in Business Intelligence.,"SQL, Cloud Computing, Spark","Report Writing, Work-life balance",1950-03-25,74,Engineer,Associate Degree,Reading/Writing,Delegator
90,Ishita Kulkarni,ishita.kulkarni@gmail.com,$2b$12$kyHszj9JIjxyp2R8Ll05pueXROi.WorZVA19qbTH5lu/CP8mTGUoy,Female,Expert in Artificial Intelligence with strong skills in Spark.,"Python, Statistics, Machine Learning","Time Management, Client Communication",1985-09-17,39,Software Developer,PhD,Reading/Writing,Authoritative
91,Neeraj Kapoor,neeraj.kapoor@gmail.com,$2b$12$gQHPSpGLCdeUxhmzGw7p4OmdQ6GgAy3IXCLjGjXhNQ.Qp0sCH28uu,Male,Expert in Artificial Intelligence with strong skills in Big Data.,"Business Intelligence, Cloud Computing, Deep Learning","Public Speaking, Speed Optimization",1973-08-05,51,Student,Diploma,Logical,Demonstrator
92,Sandeep Bose,sandeep.bose@gmail.com,$2b$12$oxJJZ7ctjZ./JKNSwRsOj.Cm/0tb5gnif0VVox/uhXMXCrBM.9IkS,Male,Expert in Artificial Intelligence with strong skills in Probability.,"Data Wrangling, SQL, Mathematical Modeling","Time Management, Report Writing",1957-02-10,68,Dentist,Certificate Program,Visual,Demonstrator
93,Aditya Iyer,aditya.iyer@gmail.com,$2b$12$9H4Sv4jg1vPeLehI83PT1ecQpOzXzryLVA5tyA71IIwQPgh/vVQgC,Male,Expert in Machine Learning with strong skills in Linear Algebra.,"R, Mathematical Modeling, Linear Algebra","Conflict Resolution, Leadership",1967-08-25,57,Dentist,Diploma,Logical,Demonstrator
94,Shweta Rajan,shweta.rajan@gmail.com,$2b$12$dQ7Zu0EsqcheIjYT485V2Or.mvQ5won.vYfMfIScCllzNhJS0Euy.,Female,Expert in Data Science with strong skills in Spark.,"Business Intelligence, Statistics, Linear Algebra","Conflict Resolution, Debugging",1964-01-20,61,Teacher,PhD,Auditory,Demonstrator
95,Radhika Agarwal,radhika.agarwal@gmail.com,$2b$12$DUHjUwo1hb6c/Pxinq7SUuLFfXjA.FwAlQ5vxLgSR5v7KF0OwPmDm,Female,Expert in Data Engineering with strong skills in TensorFlow.,"R, Deep Learning, Data Wrangling","Public Speaking, Speed Optimization",2001-03-22,23,Psychologist,Associate Degree,Visual,Delegator
96,Swati Mehta,swati.mehta@gmail.com,$2b$12$8FAebyJXRQFgeAblfOgTKuOlqq/PZL6ADWCsRbn8ySamKnpriWA1a,Female,Expert in Artificial Intelligence with strong skills in Statistics.,"Cloud Computing, Big Data, NLP","Client Communication, Time Management",1962-10-09,62,Student,PhD,Kinesthetic,Authoritative
97,Nidhi Saxena,nidhi.saxena@gmail.com,$2b$12$8SJfym4nfLPHtFJHklfjEu5SA7ca16RFHvgG.UG/QypZoGW9TkSAC,Female,Expert in Statistics with strong skills in NLP.,"Machine Learning, Statistics, R","Work-life balance, Report Writing",2002-08-04,22,Nurse,Associate Degree,Reading/Writing,Interactive
98,Neha Saxena,neha.saxena@gmail.com,$2b$12$JUXWlHYNF17R6AGbbl4ObeN41AEk1cHpg6lLvUgCQWI3x3v46.xGe,Female,Expert in Business Analytics with strong skills in R.,"Python, Linear Algebra, Data Wrangling","Client Communication, Leadership",2000-04-24,24,Researcher,PhD,Visual,Demonstrator
99,Tanya Thakur,tanya.thakur@gmail.com,$2b$12$5URhuQgcFo/NaKEJgZ192OuTpsNsNYUtcif0aDNC3WCWRsYkpIxl6,Female,Expert in Big Data with strong skills in Business Intelligence.,"Python, Data Wrangling, Linear Algebra","Debugging, Leadership",1975-08-17,49,Lawyer,Certificate Program,Reading/Writing,Authoritative
100,Shweta Sharma,shweta.sharma@gmail.com,$2b$12$Nw4bo7VdL8dbyezIiOnmCenqIgX4FwsTbCJVYBZxtzp2Sep.hRAKu,Female,Expert in Big Data with strong skills in R.,"NLP, Mathematical Modeling, R","Documentation, Time Management",1978-12-04,46,Musician,Associate Degree,Logical,Authoritative
101,Simran Kapoor,simran.kapoor@gmail.com,$2b$12$m7fSrMkDfV/SPH1TPo9Yae6lBH2Yq7Y2tztROcgblwldmVUDTZKrO,Female,Expert in Mathematics with strong skills in Mathematical Modeling.,"TensorFlow, Mathematical Modeling, Cloud Computing","Decision Making, Multitasking",1960-03-19,64,Nurse,Certificate Program,Auditory,Facilitator
102,Rajesh Thakur,rajesh.thakur@gmail.com,$2b$12$M5c9jOGQJd9Ww5wi7nzPzO5/LDQNQ743mK4VnFWW4M.fQrxASvDQC,Male,Expert in Computer Science with strong skills in ETL Pipelines.,"Probability, Machine Learning, Business Intelligence","Debugging, Presentation Skills",1970-09-10,54,Scientist,Certificate Program,Auditory,Facilitator
103,Priya Bose,priya.bose@gmail.com,$2b$12$MKu8quLrX.fzIW9uHgOowO8WfZ8wcJVyIOelJzd5eW2rBSs8TqoE2,Female,Expert in Machine Learning with strong skills in SQL.,"Linear Algebra, Data Visualization, Python","Decision Making, Leadership",2001-08-04,23,Scientist,Diploma,Kinesthetic,Facilitator
104,Ankit Thakur,ankit.thakur@gmail.com,$2b$12$gJDIs39iRAaYFYMbN8Nx9uEhSx24zTEMc3Gr0zmwjZXEPQTR.KUB6,Male,Expert in Data Engineering with strong skills in Python.,"Probability, Cloud Computing, Data Visualization","Speed Optimization, Documentation",1960-07-02,64,Scientist,PhD,Auditory,Demonstrator
105,Sandeep Verma,sandeep.verma@gmail.com,$2b$12$4cvsHQdMjnPIAVCisRvjPOdMyipWgIGsKALBf8o5.lGT/OIJXCtfO,Male,Expert in Data Engineering with strong skills in Cloud Computing.,"Data Wrangling, Machine Learning, Probability","Time Management, Decision Making",1985-11-04,39,Writer,High School,Logical,Demonstrator
106,Nidhi Kaur,nidhi.kaur@gmail.com,$2b$12$ls.S/RLKXE/CuRvSwECQQ.9QRj9sK/Fo69BStNcDFRebd2HhVVgNq,Female,Expert in Computer Science with strong skills in ETL Pipelines.,"Business Intelligence, Linear Algebra, ETL Pipelines","Time Management, Work-life balance",1995-12-22,29,Lawyer,Bachelor's Degree,Visual,Delegator
107,Ankit Agarwal,ankit.agarwal@gmail.com,$2b$12$f5f7kv1VSS7EjQOmvRC61.HIrXAc094Wl8zVGnbIjvs8xhdDOrymS,Male,Expert in Machine Learning with strong skills in Mathematical Modeling.,"Big Data, TensorFlow, Mathematical Modeling","Decision Making, Speed Optimization",1970-05-12,54,Nurse,PhD,Visual,Delegator
108,Priya Mehta,priya.mehta@gmail.com,$2b$12$9CW.Q49AcuWx89hFFiI3z.6xL3ZAEHmYrUy3dTMGcxBokOOXqxo5m,Female,Expert in Data Engineering with strong skills in SQL.,"Probability, Python, Mathematical Modeling","Speed Optimization, Conflict Resolution",1977-06-29,47,Musician,High School,Auditory,Facilitator
109,Harsh Mehta,harsh.mehta@gmail.com,$2b$12$nhq0K5Vg.hwvjbqXxDSW.OvCHjhrZm6QjD7nsJ1E2VCuFIshlp7XO,Male,Expert in Artificial Intelligence with strong skills in Probability.,"Probability, Linear Algebra, Deep Learning","Report Writing, Debugging",1950-07-18,74,Psychologist,PhD,Auditory,Authoritative
110,Simran Rao,simran.rao@gmail.com,$2b$12$3e4AauuuTYxp3OXZdhJ6x.oRx0rTRKYvE2kVeEpB5xUp.goFCBP0i,Female,Expert in Data Science with strong skills in Spark.,"NLP, Linear Algebra, Business Intelligence","Speed Optimization, Leadership",1966-02-17,59,Musician,Bachelor's Degree,Kinesthetic,Interactive
111,Meenal Malhotra,meenal.malhotra@gmail.com,$2b$12$76iGfmKH91jziLG..jlCnuUzrZTcRR8kLN82s8QbAnYcd1IQSMoFK,Female,Expert in Artificial Intelligence with strong skills in Data Wrangling.,"NLP, Machine Learning, R","Presentation Skills, Conflict Resolution",1994-02-18,31,Scientist,Bachelor's Degree,Auditory,Demonstrator
112,Kavya Iyer,kavya.iyer@gmail.com,$2b$12$kFk9GQ9tYFy81XF2rOk3w.fVPPaSS2KX8XRy5q.6kRKfQS82zSkyi,Female,Expert in Big Data with strong skills in Probability.,"R, Business Intelligence, Data Wrangling","Debugging, Public Speaking",1987-09-25,37,Psychologist,Associate Degree,Visual,Facilitator
113,Vishal Kaur,vishal.kaur@gmail.com,$2b$12$1a1LdHrJaHMDNSYsCx8Ed.KPGnTANX.xWnxUHmyIJSfuj88HBRF9a,Male,Expert in Big Data with strong skills in SQL.,"Statistics, Machine Learning, ETL Pipelines","Multitasking, Time Management",1970-09-30,54,Architect,Certificate Program,Logical,Authoritative
114,Tanya Thakur,tanya.thakur@gmail.com,$2b$12$Z6LnywSHH4KUnUmdh13nBOBWBCbMd0LTuEIMzl2yqHMFX3.2YOCDa,Female,Expert in Data Engineering with strong skills in Cloud Computing.,"Machine Learning, Linear Algebra, Python","Speed Optimization, Client Communication",1961-12-10,63,Architect,Master's Degree,Logical,Delegator
115,Radhika Iyer,radhika.iyer@gmail.com,$2b$12$NzLv7JQByQ7LVudcazahReWsF.t/C3CofSx3kHImvJvOTxBBlnOP6,Female,Expert in Computer Science with strong skills in Machine Learning.,"Big Data, NLP, ETL Pipelines","Public Speaking, Time Management",1981-07-21,43,Engineer,Diploma,Logical,Facilitator
116,Priya Verma,priya.verma@gmail.com,$2b$12$cEWWQ4I6X1ODQhkZ36OTwebqAxfons.dlsjkbRnfKCs7wARFNOP9u,Female,Expert in Artificial Intelligence with strong skills in Deep Learning.,"Data Wrangling, SQL, NLP","Multitasking, Decision Making",2002-10-26,22,Dentist,High School,Visual,Demonstrator
117,Neeraj Rao,neeraj.rao@gmail.com,$2b$12$od/Abutyx31JORNoEzimfe6wCsy/WtkDoOxb6YpHHtriWf7/UrxJm,Male,Expert in Machine Learning with strong skills in R.,"R, Spark, Linear Algebra","Debugging, Documentation",1994-10-04,30,Researcher,Associate Degree,Kinesthetic,Interactive
118,Nidhi Menon,nidhi.menon@gmail.com,$2b$12$wC0He4AQfyrAi.4pmIGjHeMqQ2C0myoDO6nBdV0stiqIouRZ4OWtO,Female,Expert in Computer Science with strong skills in Spark.,"Big Data, Data Visualization, Spark","Report Writing, Public Speaking",1977-07-18,47,Engineer,Associate Degree,Auditory,Delegator
119,Nidhi Iyer,nidhi.iyer@gmail.com,$2b$12$B0Eba91NO9NUI9Cxav0MPuUcj4LILexMP49aJHaTa3tcAuQztEOLy,Female,Expert in Statistics with strong skills in Probability.,"Probability, Deep Learning, Python","Leadership, Time Management",1998-10-16,26,Software Developer,Certificate Program,Reading/Writing,Interactive
120,Harsh Bose,harsh.bose@gmail.com,$2b$12$7UcIl.KwZGGcHgNoYSeZle.yVv9AsnQKdaKagTMPqbiveBYmZml0O,Male,Expert in Statistics with strong skills in Business Intelligence.,"Data Visualization, Machine Learning, Big Data","Public Speaking, Presentation Skills",1951-09-15,73,Dentist,High School,Visual,Authoritative
121,Leena Kaur,leena.kaur@gmail.com,$2b$12$N3ejPbvJ9bzXxfmdL602keG90F6.gYANJDYH3Ch73Gep.o.7GTJRm,Female,Expert in Data Science with strong skills in Probability.,"Business Intelligence, Statistics, ETL Pipelines","Work-life balance, Conflict Resolution",1990-01-15,35,Doctor,Diploma,Logical,Authoritative
122,Omkar Gupta,omkar.gupta@gmail.com,$2b$12$rr18H/aWwriYUB0H6VrUleWyBiKlTK1QkAUWr4K77g8tGJsFRTAFa,Male,Expert in Data Engineering with strong skills in Data Wrangling.,"ETL Pipelines, Deep Learning, Machine Learning","Public Speaking, Decision Making",2000-12-06,24,Nurse,PhD,Reading/Writing,Demonstrator
123,Ankit Rao,ankit.rao@gmail.com,$2b$12$gd85kgFb.ufuW9d7wjkRFuHRURb3NuWmaMgZfXfaZY44NdCfOkTqy,Male,Expert in Machine Learning with strong skills in R.,"R, Data Visualization, Linear Algebra","Documentation, Debugging",1975-04-05,49,Scientist,Diploma,Logical,Demonstrator
124,Priya Iyer,priya.iyer@gmail.com,$2b$12$GgPSYdLjh3rwNeMUKfUTeuEPVQEHElEL3Ola4vsanN64vadXXw6tK,Female,Expert in Machine Learning with strong skills in ETL Pipelines.,"Deep Learning, Mathematical Modeling, TensorFlow","Public Speaking, Documentation",2005-10-15,19,Nurse,Associate Degree,Auditory,Interactive
125,Aman Agarwal,aman.agarwal@gmail.com,$2b$12$vo4xI9v4HiljAjnkBy1jrOyhwxQdihxZHks8D4FVmS/ImNl4ne1Ge,Male,Expert in Machine Learning with strong skills in Deep Learning.,"ETL Pipelines, Business Intelligence, TensorFlow","Public Speaking, Work-life balance",2001-05-02,23,Writer,Diploma,Reading/Writing,Authoritative
126,Divya Kaur,divya.kaur@gmail.com,$2b$12$6PigVyc1YuzmKOyTdF6OtOxJKdc4JE2BvEpKWosqe/jYdob.2sDNq,Female,Expert in Business Analytics with strong skills in Machine Learning.,"Mathematical Modeling, Big Data, TensorFlow","Speed Optimization, Time Management",1986-09-12,38,Psychologist,PhD,Auditory,Delegator
127,Nidhi Sharma,nidhi.sharma@gmail.com,$2b$12$I042Rjx8GN3AE46Ffi0f4.FJg1Ef0E8.mgTw2VN5.lIXd26sUDFR2,Female,Expert in Big Data with strong skills in Statistics.,"Cloud Computing, Probability, R","Public Speaking, Speed Optimization",1958-11-30,66,Doctor,Bachelor's Degree,Visual,Interactive
128,Kritika Gupta,kritika.gupta@gmail.com,$2b$12$2Xzifs/Zuyfszie5jnWT2eLTpLOxjKuuh5J66qIwRp2wXcYQbUUtO,Female,Expert in Computer Science with strong skills in TensorFlow.,"SQL, Data Wrangling, Probability","Client Communication, Conflict Resolution",1958-10-31,66,Chef,PhD,Logical,Interactive
129,Simran Bose,simran.bose@gmail.com,$2b$12$0JrQ/lxwDqpiy17rctH.vOZJFAmzTMyaAOISs8lyOElp4qFePTGXC,Female,Expert in Business Analytics with strong skills in Data Visualization.,"Machine Learning, NLP, Cloud Computing","Documentation, Work-life balance",1962-10-20,62,Teacher,Certificate Program,Logical,Facilitator
130,Sandeep Verma,sandeep.verma@gmail.com,$2b$12$y4/SBqD5egTBK2bK.GA99O6qTfftLT9MZeIv72uhhpBMw443RMQcO,Male,Expert in Business Analytics with strong skills in Cloud Computing.,"Mathematical Modeling, Business Intelligence, Cloud Computing","Speed Optimization, Work-life balance",1954-08-11,70,Lawyer,Diploma,Logical,Authoritative
131,Leena Kaur,leena.kaur@gmail.com,$2b$12$LIM7b2u6sxa3QWOfHSEZueSO.aE6cnOPnPpbaX/fzP089rjP/cB.y,Female,Expert in Machine Learning with strong skills in Deep Learning.,"Linear Algebra, TensorFlow, Data Visualization","Public Speaking, Multitasking",1995-07-25,29,Student,Diploma,Logical,Demonstrator
132,Varun Mehta,varun.mehta@gmail.com,$2b$12$JXWm6xrBwFnd3Uts/XfefeI3DmaHk9WRVt5NO.UiMVHGYUlVdg3Sq,Male,Expert in Statistics with strong skills in Deep Learning.,"Python, Cloud Computing, Business Intelligence","Speed Optimization, Debugging",1986-01-18,39,Architect,Diploma,Reading/Writing,Facilitator
133,Divya Kulkarni,divya.kulkarni@gmail.com,$2b$12$HRw5h7ymMSXeQEVFORhTxO6zLOmKQlf/85zyLfmNubPPbbhsPgfem,Female,Expert in Computer Science with strong skills in Spark.,"Business Intelligence, Big Data, Data Visualization","Client Communication, Multitasking",1974-10-05,50,Student,Bachelor's Degree,Kinesthetic,Authoritative
134,Rajesh Kulkarni,rajesh.kulkarni@gmail.com,$2b$12$.urU/eWIRkJtLJT9ZHhzsez3TuCIgzhd7bM7878isZDgAnQ5EuGPq,Male,Expert in Mathematics with strong skills in Data Wrangling.,"Linear Algebra, Cloud Computing, NLP","Presentation Skills, Documentation",1954-02-05,71,Artist,Associate Degree,Auditory,Demonstrator
135,Divya Malhotra,divya.malhotra@gmail.com,$2b$12$Md9SibaTqPUGLyMm5kC1RuRtBkjpegTDuVW4DE0gRs.CWT4LYOnJ.,Female,Expert in Statistics with strong skills in Cloud Computing.,"Spark, Python, SQL","Speed Optimization, Decision Making",1968-11-12,56,Musician,Associate Degree,Visual,Facilitator
136,Radhika Menon,radhika.menon@gmail.com,$2b$12$U1kzjrTFZ3AJbplr1gQM7ONctT7MZP6PUD0PqNs2F3BO8488V4HzW,Female,Expert in Mathematics with strong skills in Spark.,"Cloud Computing, Linear Algebra, SQL","Speed Optimization, Work-life balance",1959-12-09,65,Lawyer,High School,Kinesthetic,Interactive
137,Preeti Agarwal,preeti.agarwal@gmail.com,$2b$12$f4CS00DmTHqZ62We.LnKvOJJTYIaehEAJEAsnfEwHyr6lWUFOC6j.,Female,Expert in Big Data with strong skills in Cloud Computing.,"TensorFlow, Spark, Deep Learning","Conflict Resolution, Multitasking",1964-08-09,60,Lawyer,Associate Degree,Reading/Writing,Authoritative
138,Kritika Mehta,kritika.mehta@gmail.com,$2b$12$8XMKa0JkWD.IvR6baC3gMuiH76dcvRmwY7V9g3s1V2OU1TQiSRsO6,Female,Expert in Big Data with strong skills in TensorFlow.,"Big Data, Mathematical Modeling, Probability","Speed Optimization, Public Speaking",1950-01-21,75,Psychologist,Diploma,Logical,Delegator
139,Priya Kulkarni,priya.kulkarni@gmail.com,$2b$12$WdUqVK1Ctvt/jQNiSQW5geq4vtkCuJ8kgrBD8eNiVoCWayF.hlZVO,Female,Expert in Business Analytics with strong skills in Big Data.,"NLP, Deep Learning, Machine Learning","Speed Optimization, Decision Making",2002-03-30,22,Lawyer,Master's Degree,Auditory,Delegator
140,Rajesh Patel,rajesh.patel@gmail.com,$2b$12$OCglMfF661iHeX87EmWBN.FS2lVGKpr3cyx.JQXXvmoTucA7zdtBW,Male,Expert in Statistics with strong skills in Mathematical Modeling.,"Deep Learning, Python, ETL Pipelines","Time Management, Conflict Resolution",1986-03-28,38,Lawyer,Associate Degree,Auditory,Delegator
141,Ishita Pillai,ishita.pillai@gmail.com,$2b$12$DjSukykSJqab7dyh0K1JNuWxjsIjWkvfcpSewXW2BCZaUVAi0BubC,Female,Expert in Artificial Intelligence with strong skills in Python.,"SQL, Spark, ETL Pipelines","Conflict Resolution, Report Writing",2002-01-05,23,Psychologist,Associate Degree,Auditory,Authoritative
142,Kritika Jain,kritika.jain@gmail.com,$2b$12$3xohXcRmfQqfopo/ZotfEuORtV497TKjilJ53DcZzhSwOga9RMlkW,Female,Expert in Artificial Intelligence with strong skills in NLP.,"NLP, Big Data, R","Time Management, Presentation Skills",1957-01-11,68,Chef,Certificate Program,Auditory,Interactive
143,Shweta Pillai,shweta.pillai@gmail.com,$2b$12$YRfTV/g5Y4AHTFdRtScDo.2kS/MSM/DQJSTkTgD6od0zDG82ssmPW,Female,Expert in Data Engineering with strong skills in NLP.,"Deep Learning, Probability, ETL Pipelines","Report Writing, Time Management",1966-05-06,58,Student,Bachelor's Degree,Kinesthetic,Delegator
144,Tanya Verma,tanya.verma@gmail.com,$2b$12$2TRO56As6hZ1QlK3oCOYkOgJPoJOPskro96gJuyKw/X83LehEB8TG,Female,Expert in Machine Learning with strong skills in Linear Algebra.,"ETL Pipelines, NLP, Spark","Client Communication, Decision Making",2002-05-07,22,Psychologist,High School,Logical,Demonstrator
145,Tanya Rajan,tanya.rajan@gmail.com,$2b$12$qAse1W8fes/Dwj40YFVK1uUetpJJAKpCozN4ZL.B523jUDW9DMrQq,Female,Expert in Business Analytics with strong skills in ETL Pipelines.,"Cloud Computing, R, Data Visualization","Presentation Skills, Multitasking",2002-11-26,22,Scientist,PhD,Visual,Demonstrator
146,Pooja Kulkarni,pooja.kulkarni@gmail.com,$2b$12$ObSPVImAOGnTLzD.KMn4.uP/ut4r02f5sA/1FKvWTKE97nMn04pxS,Female,Expert in Business Analytics with strong skills in Business Intelligence.,"Python, Mathematical Modeling, Deep Learning","Time Management, Speed Optimization",1974-10-01,50,Student,Diploma,Logical,Delegator
147,Yash Kapoor,yash.kapoor@gmail.com,$2b$12$b0vNh/ZrJ/wlXymtSG7Yg.5xnpZxBka2cId12gg8R3AdQd2lXUNdm,Male,Expert in Statistics with strong skills in Business Intelligence.,"TensorFlow, Mathematical Modeling, R","Debugging, Conflict Resolution",1964-02-27,60,Engineer,Certificate Program,Kinesthetic,Authoritative
148,Meenal Verma,meenal.verma@gmail.com,$2b$12$ztzS5UXiSyN8GJo7bMDDuu8OG6BQ4E/RO9nm5/PtoS0EKoUpiu7jy,Female,Expert in Mathematics with strong skills in Probability.,"Spark, Big Data, Python","Conflict Resolution, Decision Making",1984-12-13,40,Chef,Bachelor's Degree,Auditory,Facilitator
149,Neha Bhatia,neha.bhatia@gmail.com,$2b$12$20qEjw/hupil5xA0G32Gke5LEHZITKNzbxJhQyKYmuNd8C/RjP0Uy,Female,Expert in Statistics with strong skills in TensorFlow.,"Mathematical Modeling, Linear Algebra, SQL","Public Speaking, Debugging",1993-02-28,31,Dentist,Bachelor's Degree,Kinesthetic,Authoritative
150,Mohit Agarwal,mohit.agarwal@gmail.com,$2b$12$RCzodnQNEpcIE/74xmT.Fe8XrlGKrinxHyje6tOcGug01NO.aHuQS,Male,Expert in Big Data with strong skills in Statistics.,"Deep Learning, Data Visualization, Cloud Computing","Report Writing, Conflict Resolution",1968-10-01,56,Doctor,PhD,Auditory,Delegator
151,Ankit Rajan,ankit.rajan@gmail.com,$2b$12$Eys/lmwFQip8XQyjN9fhFOWLqgqGWeBpVECJBVbWPVjzEMQZs4YHW,Male,Expert in Business Analytics with strong skills in SQL.,"Machine Learning, Deep Learning, Big Data","Decision Making, Presentation Skills",1973-01-27,52,Psychologist,Diploma,Reading/Writing,Demonstrator
152,Leena Verma,leena.verma@gmail.com,$2b$12$jwY8ENkQ3MFoUVPKYiVb6O3Ce2n8mS.emORntLjz4PPMuZ9WyttX.,Female,Expert in Machine Learning with strong skills in TensorFlow.,"R, Linear Algebra, Cloud Computing","Time Management, Decision Making",1969-06-19,55,Lawyer,Bachelor's Degree,Logical,Delegator
153,Rohan Iyer,rohan.iyer@gmail.com,$2b$12$62TMe4VC20k9FXhD0.9UiOLGdDj.wFba.68Gbv/n3Rwb0jEquu9qi,Male,Expert in Data Engineering with strong skills in Python.,"Machine Learning, Probability, Data Wrangling","Public Speaking, Debugging",1952-01-23,73,Software Developer,Certificate Program,Reading/Writing,Authoritative
154,Sneha Desai,sneha.desai@gmail.com,$2b$12$GqazUv5eP/wa3/bc2XD6Z.FBbJTKjm8Lvz2nEOwBuQK7xpYvzUnqu,Female,Expert in Mathematics with strong skills in Mathematical Modeling.,"Linear Algebra, Data Wrangling, Probability","Debugging, Multitasking",1967-07-28,57,Nurse,Master's Degree,Kinesthetic,Delegator
155,Harsh Mehta,harsh.mehta@gmail.com,$2b$12$w206l8yvYxLkM2/kfAngluFnA9rUf6dCgAfTL2BZyjgfrjORDl.0u,Male,Expert in Machine Learning with strong skills in Linear Algebra.,"Probability, Data Wrangling, Python","Leadership, Decision Making",1994-08-20,30,Artist,Bachelor's Degree,Auditory,Interactive
156,Varun Nair,varun.nair@gmail.com,$2b$12$elYTP8JJfo.q/n0nFywVh.Oxw6vj0Txw2l.0ueuH.dj0I5bZJTnu2,Male,Expert in Mathematics with strong skills in Python.,"Data Wrangling, Linear Algebra, Cloud Computing","Report Writing, Speed Optimization",1985-03-14,39,Researcher,Master's Degree,Auditory,Authoritative
157,Neeraj Gupta,neeraj.gupta@gmail.com,$2b$12$QzZDITFAC4Zazce1LQmsNOq7NOXXQCBjpvdQ5Ns774.LVd3G7eOvi,Male,Expert in Statistics with strong skills in ETL Pipelines.,"Machine Learning, Mathematical Modeling, Business Intelligence","Public Speaking, Speed Optimization",1980-11-27,44,Lawyer,Bachelor's Degree,Reading/Writing,Delegator
158,Nidhi Malhotra,nidhi.malhotra@gmail.com,$2b$12$j5hzyfn9of8aUe4WjhpmAu0fxs2MAf15lta2ng9CaQIIegp.HxDqi,Female,Expert in Machine Learning with strong skills in Linear Algebra.,"Business Intelligence, R, Probability","Conflict Resolution, Decision Making",2002-06-05,22,Engineer,Certificate Program,Reading/Writing,Demonstrator
159,Sanket Bose,sanket.bose@gmail.com,$2b$12$3cZIijrsbXxQ4ywBDju7hOxmlNAYRntw5FJdLxJelGE2Oy4kaSvf2,Male,Expert in Mathematics with strong skills in Probability.,"Deep Learning, SQL, R","Multitasking, Presentation Skills",1978-10-02,46,Researcher,Certificate Program,Visual,Authoritative
160,Aarav Rao,aarav.rao@gmail.com,$2b$12$dVmlYOtb6vWJNCe/W3Ax8.X1idFBGdt0YlJeyf4efXh3jJ5b/vMxW,Male,Expert in Business Analytics with strong skills in TensorFlow.,"Data Visualization, Data Wrangling, R","Decision Making, Documentation",1952-03-19,72,Psychologist,Diploma,Auditory,Demonstrator
161,Meenal Agarwal,meenal.agarwal@gmail.com,$2b$12$v6M8slM3V4s2DOptWzHkBOORBRq625eNUDdrXxZfuetRYuFv/KaaK,Female,Expert in Computer Science with strong skills in TensorFlow.,"Python, SQL, Deep Learning","Decision Making, Conflict Resolution",1961-05-27,63,Artist,Diploma,Reading/Writing,Delegator
162,Tanya Verma,tanya.verma@gmail.com,$2b$12$ImbX2SAXTg0M4Mel8XhpteoK1hIftpYb6CsA6NJZv/oMHDvbDJsve,Female,Expert in Computer Science with strong skills in TensorFlow.,"Statistics, R, Deep Learning","Speed Optimization, Time Management",1970-12-02,54,Musician,Diploma,Kinesthetic,Authoritative
163,Meenal Patel,meenal.patel@gmail.com,$2b$12$yIRTs131.FpXZCrcbo0jMewL9LNXvKhwQJC5HDunic8x.ssrnPsLO,Female,Expert in Artificial Intelligence with strong skills in SQL.,"TensorFlow, Machine Learning, Cloud Computing","Decision Making, Work-life balance",1988-11-23,36,Lawyer,PhD,Visual,Delegator
164,Aditya Malhotra,aditya.malhotra@gmail.com,$2b$12$Bx7kZU//K/GYykpYX/m9k.ioZEtrG9g5abVkZ4N5Vi8GnqLSCqJlK,Male,Expert in Artificial Intelligence with strong skills in Business Intelligence.,"NLP, Data Wrangling, Deep Learning","Time Management, Leadership",2001-05-17,23,Software Developer,PhD,Reading/Writing,Facilitator
165,Sandeep Kapoor,sandeep.kapoor@gmail.com,$2b$12$4CU5BL6hho5elSbvBXPkk.BT2qSYqOfL5O4UFK.ymaRfBS7V1XyQa,Male,Expert in Artificial Intelligence with strong skills in Mathematical Modeling.,"Linear Algebra, Mathematical Modeling, Statistics","Leadership, Decision Making",1997-04-07,27,Doctor,Associate Degree,Auditory,Interactive
166,Simran Khanna,simran.khanna@gmail.com,$2b$12$kP/EUrZSRqFMigbycbNeV.d73paDPUt9wXE8J46NrgwRs.T51gweG,Female,Expert in Data Science with strong skills in Data Wrangling.,"Business Intelligence, Statistics, Data Visualization","Speed Optimization, Time Management",1953-06-30,71,Scientist,PhD,Auditory,Authoritative
167,Nidhi Gupta,nidhi.gupta@gmail.com,$2b$12$UqWmIVJBVFJt5D80bO9McOdfltAicahNHlPbSQSINZRM9tsir4HsS,Female,Expert in Statistics with strong skills in TensorFlow.,"Probability, R, Data Visualization","Public Speaking, Multitasking",1962-02-24,62,Psychologist,High School,Kinesthetic,Facilitator
168,Vishal Nair,vishal.nair@gmail.com,$2b$12$nVTXERDXMX44fn3U3azMQ.uypACWHkUAPSRCkWRX/wIBlsfF9ygfS,Male,Expert in Data Science with strong skills in NLP.,"Python, Data Wrangling, Probability","Client Communication, Speed Optimization",1968-04-01,56,Scientist,PhD,Reading/Writing,Facilitator
169,Sanket Iyer,sanket.iyer@gmail.com,$2b$12$pJ27Jx2HFtuUE7DuV8J5neYJhVza1CkpG8/rwO3P13i59CXbCCGFi,Male,Expert in Data Science with strong skills in ETL Pipelines.,"Probability, Business Intelligence, Deep Learning","Conflict Resolution, Multitasking",1978-05-27,46,Chef,Master's Degree,Kinesthetic,Demonstrator
170,Riya Agarwal,riya.agarwal@gmail.com,$2b$12$YyfTiZI7HhDTCi0JfCJ/0uAFCysT8b52I8R7EoQbSXJ4FaLvBFhuK,Female,Expert in Mathematics with strong skills in SQL.,"Data Wrangling, Big Data, Linear Algebra","Work-life balance, Decision Making",1978-08-22,46,Doctor,Diploma,Logical,Facilitator
171,Ishita Khanna,ishita.khanna@gmail.com,$2b$12$Nuqwvl2w3DZZSS9sg5EAmebPZBfV0.mu/R/dJl7nG26eXYgLoDBEK,Female,Expert in Machine Learning with strong skills in Cloud Computing.,"Data Visualization, Linear Algebra, Cloud Computing","Debugging, Documentation",1997-06-25,27,Engineer,PhD,Auditory,Interactive
172,Preeti Nair,preeti.nair@gmail.com,$2b$12$82UNbM6LNludcVfOpHCvR.zWaRalqgzEbl.EpltZi2/1QgGV5rxR.,Female,Expert in Business Analytics with strong skills in Machine Learning.,"Probability, Linear Algebra, Python","Documentation, Presentation Skills",1953-08-18,71,Nurse,Diploma,Auditory,Facilitator
173,Kritika Desai,kritika.desai@gmail.com,$2b$12$pxTE/tNcOBHYlxLirOj43.xhQxsKXrYbjOSxFCp5vDG18M3vbFFPy,Female,Expert in Statistics with strong skills in Spark.,"Machine Learning, Mathematical Modeling, Business Intelligence","Public Speaking, Debugging",1990-11-29,34,Software Developer,High School,Kinesthetic,Authoritative
174,Riya Pillai,riya.pillai@gmail.com,$2b$12$ooGq1LRnHbJhL/gfuq4LD.60yMHUiVgeR8rm71lskyq97pcPhWM8C,Female,Expert in Artificial Intelligence with strong skills in Big Data.,"Deep Learning, Big Data, NLP","Debugging, Leadership",2002-03-04,22,Chef,PhD,Logical,Delegator
175,Simran Gupta,simran.gupta@gmail.com,$2b$12$MaUegNkPL4CkFHZpPl8hxuM2SfiLXGVkfKA3eTsUPwSE3P3g6UBfm,Female,Expert in Data Science with strong skills in Linear Algebra.,"Cloud Computing, Linear Algebra, Data Visualization","Client Communication, Multitasking",2005-04-24,19,Teacher,Master's Degree,Visual,Delegator
176,Rajesh Nair,rajesh.nair@gmail.com,$2b$12$6XP6KCPM9fJmk/rhJDv5ZeIChTyajROD95ERVayWhkClzOKMTnxM.,Male,Expert in Big Data with strong skills in NLP.,"Data Wrangling, Statistics, Machine Learning","Time Management, Decision Making",1982-06-21,42,Software Developer,High School,Visual,Delegator
177,Kritika Desai,kritika.desai@gmail.com,$2b$12$L8l..XQg4yEaJ1nwvG/c3OvXHm/w0p0cVVqIJ5N0OIy33mYQ/wmkW,Female,Expert in Computer Science with strong skills in Cloud Computing.,"Cloud Computing, Machine Learning, Deep Learning","Debugging, Work-life balance",1960-10-09,64,Dentist,Master's Degree,Kinesthetic,Interactive
178,Vishal Iyer,vishal.iyer@gmail.com,$2b$12$UJT8UVPsacrR/Z2.ffruUuey5Y1uh6.LCym2w2uG8AtjN8ajhYg6.,Male,Expert in Artificial Intelligence with strong skills in Cloud Computing.,"ETL Pipelines, Cloud Computing, Statistics","Work-life balance, Speed Optimization",1984-09-13,40,Student,Certificate Program,Auditory,Facilitator
179,Tanya Thakur,tanya.thakur@gmail.com,$2b$12$8.jnz3au4ajTQ6qHXB/hX.hDBCIwgGbuDqGnmLAzmZnVLmJLT1JF6,Female,Expert in Data Science with strong skills in Mathematical Modeling.,"Spark, Probability, Python","Client Communication, Multitasking",2005-11-02,19,Artist,Certificate Program,Logical,Facilitator
180,Tanya Kapoor,tanya.kapoor@gmail.com,$2b$12$tA/8A.q3dYD2OmDOQVZcEOpIcul4KSKE7RW0YwYDTMPuJr3nLFAuq,Female,Expert in Business Analytics with strong skills in ETL Pipelines.,"Machine Learning, TensorFlow, Cloud Computing","Leadership, Conflict Resolution",1973-07-18,51,Lawyer,Bachelor's Degree,Auditory,Facilitator
181,Omkar Desai,omkar.desai@gmail.com,$2b$12$r30y84qk64w2dHaYHlR8CuFCdyVI/nNm.nkc76esQd6CihypnbkIa,Male,Expert in Artificial Intelligence with strong skills in Data Visualization.,"Mathematical Modeling, Linear Algebra, Cloud Computing","Time Management, Presentation Skills",1982-08-22,42,Dentist,High School,Reading/Writing,Interactive
182,Rajesh Menon,rajesh.menon@gmail.com,$2b$12$/I.jFCnfOBN0WzncJbPJruZB9qfW7Ohc2fzVQsgSbBrlDky.oE9yW,Male,Expert in Artificial Intelligence with strong skills in R.,"Spark, Statistics, Linear Algebra","Decision Making, Debugging",1986-07-10,38,Engineer,PhD,Kinesthetic,Authoritative
183,Ishita Jain,ishita.jain@gmail.com,$2b$12$0DnhBvtwdRZJhvcf29r3NeVte1h3pjq9KtY31X7RQYmjFa6VTTXTK,Female,Expert in Data Science with strong skills in Data Visualization.,"Data Visualization, ETL Pipelines, TensorFlow","Decision Making, Conflict Resolution",2004-01-17,21,Nurse,Associate Degree,Logical,Delegator
184,Ishita Khanna,ishita.khanna@gmail.com,$2b$12$zFfAdd2St3C29iSL3gFF.u5UFlxiZn3KDbgoWEnCYQBqTe7Jg0pUe,Female,Expert in Big Data with strong skills in Probability.,"ETL Pipelines, Deep Learning, Statistics","Debugging, Speed Optimization",1962-07-21,62,Musician,PhD,Kinesthetic,Authoritative
185,Divya Menon,divya.menon@gmail.com,$2b$12$W.nZEHBmRg64NFGLiCqL2.NR6p7aszbh8wn2cMnKk9RCCLPkssKK6,Female,Expert in Data Science with strong skills in Data Wrangling.,"Data Visualization, Mathematical Modeling, Probability","Decision Making, Speed Optimization",1967-08-15,57,Dentist,Associate Degree,Reading/Writing,Delegator
186,Ishita Khanna,ishita.khanna@gmail.com,$2b$12$pEaeUqdNnZZr4ZTKJVUfR.3PtHbqR2atXDlrMnFSIEZ9Yt9xMf/5C,Female,Expert in Artificial Intelligence with strong skills in Data Wrangling.,"Mathematical Modeling, Spark, Big Data","Time Management, Conflict Resolution",1985-02-15,40,Scientist,Certificate Program,Kinesthetic,Authoritative
187,Harsh Jain,harsh.jain@gmail.com,$2b$12$e5FW4pCrAOQYBXmtv0pCg.4HCJ1lXfeCINgFbL.ZFusS4rMwrCwJy,Male,Expert in Business Analytics with strong skills in Business Intelligence.,"Mathematical Modeling, Deep Learning, SQL","Documentation, Work-life balance",1969-12-11,55,Lawyer,Associate Degree,Visual,Demonstrator
188,Sandeep Rajan,sandeep.rajan@gmail.com,$2b$12$Cc6cNndI2.24Rp6o8uCCVekjA0tj3vHwHvCNIPIupOm6sZA.6eYe.,Male,Expert in Data Engineering with strong skills in TensorFlow.,"Big Data, Deep Learning, TensorFlow","Multitasking, Documentation",1978-09-08,46,Engineer,Diploma,Reading/Writing,Delegator
189,Sneha Khanna,sneha.khanna@gmail.com,$2b$12$f2AfZNsR3ZB5NuEhs8TH5.W2/W..5Pd9jlCjKJmV7JrWGf.IfBhRu,Female,Expert in Data Engineering with strong skills in Linear Algebra.,"Business Intelligence, Statistics, SQL","Work-life balance, Decision Making",1977-08-27,47,Software Developer,High School,Logical,Authoritative
190,Nidhi Kulkarni,nidhi.kulkarni@gmail.com,$2b$12$tuUDGsZn1YOQ3H3Itn1Ubu/rrCZVq7qrd0KV.iLx.XnlgLWOvMaWy,Female,Expert in Machine Learning with strong skills in Linear Algebra.,"Mathematical Modeling, Probability, Linear Algebra","Time Management, Debugging",2005-01-16,20,Student,Diploma,Visual,Demonstrator
191,Dev Verma,dev.verma@gmail.com,$2b$12$8zVVTYBoaEqc4pFKuPaE9uwYg4Tc6pYeyD53qpbQVDwBhMzl0eYLa,Male,Expert in Mathematics with strong skills in Data Wrangling.,"Machine Learning, Mathematical Modeling, Deep Learning","Speed Optimization, Multitasking",1997-07-06,27,Scientist,Certificate Program,Visual,Delegator
192,Neha Kulkarni,neha.kulkarni@gmail.com,$2b$12$Yt/3Kiq4kvzzkrooVDbStuqZtpuDqkuh06tlTrkTr1ni3lnVsJCU.,Female,Expert in Artificial Intelligence with strong skills in Statistics.,"R, SQL, Python","Work-life balance, Conflict Resolution",1994-11-11,30,Psychologist,PhD,Reading/Writing,Demonstrator
193,Aarav Nair,aarav.nair@gmail.com,$2b$12$Q2yY5G9AYSesnVkGvIVBwe8.S0PxG8C9NNCNKzvMF5O4S3tkcWIES,Male,Expert in Data Science with strong skills in ETL Pipelines.,"Statistics, Big Data, Machine Learning","Conflict Resolution, Time Management",1956-06-01,68,Artist,Diploma,Auditory,Authoritative
194,Aditya Patel,aditya.patel@gmail.com,$2b$12$Uq6FWgkLgEJPYBUN9tK6mO0nrJSxpCYZ4voHEeqpA3T.z6sMnZcqO,Male,Expert in Data Science with strong skills in NLP.,"Data Visualization, Machine Learning, Cloud Computing","Report Writing, Multitasking",1981-01-05,44,Engineer,Bachelor's Degree,Logical,Authoritative
195,Divya Kulkarni,divya.kulkarni@gmail.com,$2b$12$BPjIF5pGTAny1tWBy9pdW.ux99gulflLPjACTxsifTKJVEg3K5.5y,Female,Expert in Business Analytics with strong skills in ETL Pipelines.,"Mathematical Modeling, Data Wrangling, Machine Learning","Work-life balance, Multitasking",2000-01-12,25,Researcher,PhD,Auditory,Facilitator
196,Swati Saxena,swati.saxena@gmail.com,$2b$12$SdVS0ECfgEEMddGwjMmjf.kDhYGYy8pcYYMCjj2jh14tzLyzKGPDG,Female,Expert in Big Data with strong skills in Big Data.,"Python, Statistics, Probability","Decision Making, Work-life balance",1952-12-13,72,Researcher,High School,Auditory,Authoritative
197,Ishita Verma,ishita.verma@gmail.com,$2b$12$k2qnLYLPyFlDpNnSiI9eeOqfGxmeL7rWKcQVyGIbOrKWJ9jeHI5Oy,Female,Expert in Data Science with strong skills in TensorFlow.,"Cloud Computing, NLP, Probability","Speed Optimization, Presentation Skills",1958-12-08,66,Artist,Diploma,Visual,Interactive
198,Neha Rajan,neha.rajan@gmail.com,$2b$12$4ni9gsasrZapIkHFwvtLbee5QTsLwyAOU3qpJnHSptQbqRJ4hg9pC,Female,Expert in Machine Learning with strong skills in Probability.,"ETL Pipelines, Statistics, Cloud Computing","Leadership, Time Management",2004-10-22,20,Architect,Bachelor's Degree,Visual,Demonstrator
199,Kritika Kulkarni,kritika.kulkarni@gmail.com,$2b$12$8/wZQMKIoc9nH94KnxM70.CZi7VvczKlX0Z4NHUwFJhenVEYybC76,Female,Expert in Mathematics with strong skills in Linear Algebra.,"SQL, Data Visualization, R","Speed Optimization, Work-life balance",1958-02-27,66,Doctor,Certificate Program,Visual,Interactive
200,Divya Khanna,divya.khanna@gmail.com,$2b$12$Hj5URVaVpV1ys1q4cjxZxOQnfedd.DwaJCnNOhlOSOj43avgoRXb6,Female,Expert in Machine Learning with strong skills in Big Data.,"Machine Learning, Data Visualization, ETL Pipelines","Leadership, Client Communication",1982-04-08,42,Dentist,High School,Auditory,Delegator
